{
    "data": {
        "labels": {
            "training_labels": "R:/MarineUAS/Projects/Student Projects/Mansi Sakarvadia/drone_pose_prediction/blue_whale.slp",
            "validation_labels": null,
            "validation_fraction": 0.1,
            "test_labels": null,
            "split_by_inds": false,
            "training_inds": [
                109,
                21,
                110,
                138,
                146,
                11,
                76,
                78,
                85,
                144,
                22,
                129,
                48,
                52,
                86,
                25,
                105,
                122,
                115,
                126,
                124,
                12,
                63,
                67,
                140,
                66,
                58,
                106,
                82,
                10,
                55,
                143,
                32,
                53,
                152,
                34,
                33,
                141,
                116,
                30,
                120,
                73,
                89,
                5,
                96,
                14,
                39,
                41,
                153,
                71,
                94,
                118,
                2,
                3,
                69,
                4,
                56,
                62,
                104,
                125,
                112,
                119,
                87,
                68,
                135,
                15,
                121,
                28,
                128,
                37,
                42,
                84,
                9,
                107,
                0,
                24,
                137,
                23,
                19,
                54,
                51,
                47,
                74,
                93,
                44,
                101,
                97,
                26,
                46,
                43,
                95,
                57,
                91,
                81,
                99,
                102,
                132,
                77,
                136,
                31,
                72,
                45,
                18,
                1,
                36,
                49,
                98,
                111,
                13,
                114,
                149,
                145,
                148,
                60,
                150,
                16,
                113,
                35,
                27,
                40,
                50,
                139,
                65,
                100,
                8,
                59,
                17,
                79,
                133,
                131,
                117,
                151,
                64,
                6,
                103,
                147,
                127,
                70,
                20
            ],
            "validation_inds": [
                123,
                29,
                61,
                142,
                75,
                83,
                108,
                88,
                90,
                134,
                130,
                92,
                7,
                38,
                80
            ],
            "test_inds": null,
            "search_path_hints": [
                "R:/MarineUAS/Projects/Student Projects/Allison Duprey/HonorsThesis/ADuprey_Bm2018/SO_CAL18_Bm_ADuprey/180828_A_Bm/Flight_02/180828_A_F2_GOPR4240_Trim.mp4"
            ],
            "skeletons": [
                {
                    "directed": true,
                    "graph": {
                        "name": "Skeleton-0",
                        "num_edges_inserted": 7
                    },
                    "links": [
                        {
                            "edge_insert_idx": 0,
                            "key": 0,
                            "source": {
                                "py/object": "sleap.skeleton.Node",
                                "py/state": {
                                    "py/tuple": [
                                        "head",
                                        1.0
                                    ]
                                }
                            },
                            "target": {
                                "py/object": "sleap.skeleton.Node",
                                "py/state": {
                                    "py/tuple": [
                                        "blowhole",
                                        1.0
                                    ]
                                }
                            },
                            "type": {
                                "py/reduce": [
                                    {
                                        "py/type": "sleap.skeleton.EdgeType"
                                    },
                                    {
                                        "py/tuple": [
                                            1
                                        ]
                                    }
                                ]
                            }
                        },
                        {
                            "edge_insert_idx": 1,
                            "key": 0,
                            "source": {
                                "py/id": 2
                            },
                            "target": {
                                "py/object": "sleap.skeleton.Node",
                                "py/state": {
                                    "py/tuple": [
                                        "r_fin",
                                        1.0
                                    ]
                                }
                            },
                            "type": {
                                "py/id": 3
                            }
                        },
                        {
                            "edge_insert_idx": 2,
                            "key": 0,
                            "source": {
                                "py/id": 2
                            },
                            "target": {
                                "py/object": "sleap.skeleton.Node",
                                "py/state": {
                                    "py/tuple": [
                                        "l_fin",
                                        1.0
                                    ]
                                }
                            },
                            "type": {
                                "py/id": 3
                            }
                        },
                        {
                            "edge_insert_idx": 3,
                            "key": 0,
                            "source": {
                                "py/id": 2
                            },
                            "target": {
                                "py/object": "sleap.skeleton.Node",
                                "py/state": {
                                    "py/tuple": [
                                        "dorsal",
                                        1.0
                                    ]
                                }
                            },
                            "type": {
                                "py/id": 3
                            }
                        },
                        {
                            "edge_insert_idx": 4,
                            "key": 0,
                            "source": {
                                "py/id": 6
                            },
                            "target": {
                                "py/object": "sleap.skeleton.Node",
                                "py/state": {
                                    "py/tuple": [
                                        "mid_tail",
                                        1.0
                                    ]
                                }
                            },
                            "type": {
                                "py/id": 3
                            }
                        },
                        {
                            "edge_insert_idx": 5,
                            "key": 0,
                            "source": {
                                "py/id": 7
                            },
                            "target": {
                                "py/object": "sleap.skeleton.Node",
                                "py/state": {
                                    "py/tuple": [
                                        "r_tail",
                                        1.0
                                    ]
                                }
                            },
                            "type": {
                                "py/id": 3
                            }
                        },
                        {
                            "edge_insert_idx": 6,
                            "key": 0,
                            "source": {
                                "py/id": 7
                            },
                            "target": {
                                "py/object": "sleap.skeleton.Node",
                                "py/state": {
                                    "py/tuple": [
                                        "l_tail",
                                        1.0
                                    ]
                                }
                            },
                            "type": {
                                "py/id": 3
                            }
                        }
                    ],
                    "multigraph": true,
                    "nodes": [
                        {
                            "id": {
                                "py/id": 1
                            }
                        },
                        {
                            "id": {
                                "py/id": 2
                            }
                        },
                        {
                            "id": {
                                "py/id": 4
                            }
                        },
                        {
                            "id": {
                                "py/id": 5
                            }
                        },
                        {
                            "id": {
                                "py/id": 6
                            }
                        },
                        {
                            "id": {
                                "py/id": 8
                            }
                        },
                        {
                            "id": {
                                "py/id": 7
                            }
                        },
                        {
                            "id": {
                                "py/id": 9
                            }
                        }
                    ]
                }
            ]
        },
        "preprocessing": {
            "ensure_rgb": false,
            "ensure_grayscale": false,
            "imagenet_mode": null,
            "input_scaling": 0.15,
            "pad_to_stride": 16,
            "resize_and_pad_to_target": true,
            "target_height": 1520,
            "target_width": 2704
        },
        "instance_cropping": {
            "center_on_part": "blowhole",
            "crop_size": null,
            "crop_size_detection_padding": 16
        }
    },
    "model": {
        "backbone": {
            "leap": null,
            "unet": {
                "stem_stride": null,
                "max_stride": 16,
                "output_stride": 2,
                "filters": 16,
                "filters_rate": 2.0,
                "middle_block": true,
                "up_interpolate": true,
                "stacks": 1
            },
            "hourglass": null,
            "resnet": null,
            "pretrained_encoder": null
        },
        "heads": {
            "single_instance": null,
            "centroid": {
                "anchor_part": "blowhole",
                "sigma": 5.0,
                "output_stride": 2,
                "offset_refinement": false
            },
            "centered_instance": null,
            "multi_instance": null
        }
    },
    "optimization": {
        "preload_data": true,
        "augmentation_config": {
            "rotate": true,
            "rotation_min_angle": -180.0,
            "rotation_max_angle": 180.0,
            "translate": false,
            "translate_min": -5,
            "translate_max": 5,
            "scale": true,
            "scale_min": 0.9,
            "scale_max": 1.1,
            "uniform_noise": false,
            "uniform_noise_min_val": 0.0,
            "uniform_noise_max_val": 10.0,
            "gaussian_noise": false,
            "gaussian_noise_mean": 5.0,
            "gaussian_noise_stddev": 1.0,
            "contrast": false,
            "contrast_min_gamma": 0.5,
            "contrast_max_gamma": 2.0,
            "brightness": false,
            "brightness_min_val": 0.0,
            "brightness_max_val": 10.0,
            "random_crop": false,
            "random_crop_height": 256,
            "random_crop_width": 256,
            "random_flip": false,
            "flip_horizontal": true
        },
        "online_shuffling": true,
        "shuffle_buffer_size": 128,
        "prefetch": true,
        "batch_size": 4,
        "batches_per_epoch": 200,
        "min_batches_per_epoch": 200,
        "val_batches_per_epoch": 10,
        "min_val_batches_per_epoch": 10,
        "epochs": 200,
        "optimizer": "adam",
        "initial_learning_rate": 0.0001,
        "learning_rate_schedule": {
            "reduce_on_plateau": true,
            "reduction_factor": 0.5,
            "plateau_min_delta": 1e-06,
            "plateau_patience": 5,
            "plateau_cooldown": 3,
            "min_learning_rate": 1e-08
        },
        "hard_keypoint_mining": {
            "online_mining": false,
            "hard_to_easy_ratio": 2.0,
            "min_hard_keypoints": 2,
            "max_hard_keypoints": null,
            "loss_scale": 5.0
        },
        "early_stopping": {
            "stop_training_on_plateau": true,
            "plateau_min_delta": 1e-06,
            "plateau_patience": 10
        }
    },
    "outputs": {
        "save_outputs": true,
        "run_name": "211030_172955.centroid.n=154",
        "run_name_prefix": "",
        "run_name_suffix": "",
        "runs_folder": "R:/MarineUAS/Projects/Student Projects/Mansi Sakarvadia/drone_pose_prediction\\models",
        "tags": [
            ""
        ],
        "save_visualizations": true,
        "delete_viz_images": true,
        "zip_outputs": false,
        "log_to_csv": true,
        "checkpointing": {
            "initial_model": false,
            "best_model": true,
            "every_epoch": false,
            "latest_model": false,
            "final_model": false
        },
        "tensorboard": {
            "write_logs": false,
            "loss_frequency": "epoch",
            "architecture_graph": false,
            "profile_graph": false,
            "visualizations": true
        },
        "zmq": {
            "subscribe_to_controller": true,
            "controller_address": "tcp://127.0.0.1:9000",
            "controller_polling_timeout": 10,
            "publish_updates": true,
            "publish_address": "tcp://127.0.0.1:9001"
        }
    },
    "name": "",
    "description": "",
    "sleap_version": "1.1.5",
    "filename": "R:/MarineUAS/Projects/Student Projects/Mansi Sakarvadia/drone_pose_prediction\\models\\211030_172955.centroid.n=154\\training_config.json"
}