{
    "data": {
        "labels": {
            "training_labels": "R:/MarineUAS/Projects/Student Projects/Mansi Sakarvadia/drone_pose_prediction/blue_whale.slp",
            "validation_labels": null,
            "validation_fraction": 0.1,
            "test_labels": null,
            "split_by_inds": false,
            "training_inds": [
                75,
                7,
                94,
                100,
                84,
                1,
                79,
                53,
                89,
                50,
                24,
                26,
                13,
                51,
                99,
                27,
                33,
                23,
                91,
                73,
                77,
                47,
                35,
                95,
                42,
                104,
                96,
                69,
                2,
                15,
                72,
                40,
                55,
                8,
                43,
                32,
                34,
                0,
                102,
                62,
                57,
                28,
                58,
                80,
                61,
                38,
                76,
                30,
                74,
                105,
                78,
                54,
                4,
                16,
                21,
                48,
                17,
                88,
                67,
                45,
                20,
                39,
                66,
                71,
                36,
                52,
                60,
                101,
                37,
                6,
                14,
                65,
                41,
                46,
                87,
                3,
                70,
                11,
                92,
                10,
                86,
                93,
                97,
                56,
                5,
                18,
                90,
                85,
                29,
                49,
                68,
                64,
                22,
                103,
                44
            ],
            "validation_inds": [
                98,
                9,
                81,
                31,
                25,
                59,
                83,
                12,
                19,
                63,
                82
            ],
            "test_inds": null,
            "search_path_hints": [
                "R:/MarineUAS/Projects/Student Projects/Allison Duprey/HonorsThesis/ADuprey_Bm2018/SO_CAL18_Bm_ADuprey/180828_A_Bm/Flight_02/180828_A_F2_GOPR4240_Trim.mp4"
            ],
            "skeletons": [
                {
                    "directed": true,
                    "graph": {
                        "name": "Skeleton-0",
                        "num_edges_inserted": 7
                    },
                    "links": [
                        {
                            "edge_insert_idx": 0,
                            "key": 0,
                            "source": {
                                "py/object": "sleap.skeleton.Node",
                                "py/state": {
                                    "py/tuple": [
                                        "head",
                                        1.0
                                    ]
                                }
                            },
                            "target": {
                                "py/object": "sleap.skeleton.Node",
                                "py/state": {
                                    "py/tuple": [
                                        "blowhole",
                                        1.0
                                    ]
                                }
                            },
                            "type": {
                                "py/reduce": [
                                    {
                                        "py/type": "sleap.skeleton.EdgeType"
                                    },
                                    {
                                        "py/tuple": [
                                            1
                                        ]
                                    }
                                ]
                            }
                        },
                        {
                            "edge_insert_idx": 1,
                            "key": 0,
                            "source": {
                                "py/id": 2
                            },
                            "target": {
                                "py/object": "sleap.skeleton.Node",
                                "py/state": {
                                    "py/tuple": [
                                        "r_fin",
                                        1.0
                                    ]
                                }
                            },
                            "type": {
                                "py/id": 3
                            }
                        },
                        {
                            "edge_insert_idx": 2,
                            "key": 0,
                            "source": {
                                "py/id": 2
                            },
                            "target": {
                                "py/object": "sleap.skeleton.Node",
                                "py/state": {
                                    "py/tuple": [
                                        "l_fin",
                                        1.0
                                    ]
                                }
                            },
                            "type": {
                                "py/id": 3
                            }
                        },
                        {
                            "edge_insert_idx": 3,
                            "key": 0,
                            "source": {
                                "py/id": 2
                            },
                            "target": {
                                "py/object": "sleap.skeleton.Node",
                                "py/state": {
                                    "py/tuple": [
                                        "dorsal",
                                        1.0
                                    ]
                                }
                            },
                            "type": {
                                "py/id": 3
                            }
                        },
                        {
                            "edge_insert_idx": 4,
                            "key": 0,
                            "source": {
                                "py/id": 6
                            },
                            "target": {
                                "py/object": "sleap.skeleton.Node",
                                "py/state": {
                                    "py/tuple": [
                                        "mid_tail",
                                        1.0
                                    ]
                                }
                            },
                            "type": {
                                "py/id": 3
                            }
                        },
                        {
                            "edge_insert_idx": 5,
                            "key": 0,
                            "source": {
                                "py/id": 7
                            },
                            "target": {
                                "py/object": "sleap.skeleton.Node",
                                "py/state": {
                                    "py/tuple": [
                                        "r_tail",
                                        1.0
                                    ]
                                }
                            },
                            "type": {
                                "py/id": 3
                            }
                        },
                        {
                            "edge_insert_idx": 6,
                            "key": 0,
                            "source": {
                                "py/id": 7
                            },
                            "target": {
                                "py/object": "sleap.skeleton.Node",
                                "py/state": {
                                    "py/tuple": [
                                        "l_tail",
                                        1.0
                                    ]
                                }
                            },
                            "type": {
                                "py/id": 3
                            }
                        }
                    ],
                    "multigraph": true,
                    "nodes": [
                        {
                            "id": {
                                "py/id": 1
                            }
                        },
                        {
                            "id": {
                                "py/id": 2
                            }
                        },
                        {
                            "id": {
                                "py/id": 4
                            }
                        },
                        {
                            "id": {
                                "py/id": 5
                            }
                        },
                        {
                            "id": {
                                "py/id": 6
                            }
                        },
                        {
                            "id": {
                                "py/id": 8
                            }
                        },
                        {
                            "id": {
                                "py/id": 7
                            }
                        },
                        {
                            "id": {
                                "py/id": 9
                            }
                        }
                    ]
                }
            ]
        },
        "preprocessing": {
            "ensure_rgb": false,
            "ensure_grayscale": false,
            "imagenet_mode": null,
            "input_scaling": 1.0,
            "pad_to_stride": 1,
            "resize_and_pad_to_target": true,
            "target_height": 1520,
            "target_width": 2704
        },
        "instance_cropping": {
            "center_on_part": "blowhole",
            "crop_size": 512,
            "crop_size_detection_padding": 16
        }
    },
    "model": {
        "backbone": {
            "leap": null,
            "unet": {
                "stem_stride": null,
                "max_stride": 32,
                "output_stride": 4,
                "filters": 24,
                "filters_rate": 1.5,
                "middle_block": true,
                "up_interpolate": true,
                "stacks": 1
            },
            "hourglass": null,
            "resnet": null,
            "pretrained_encoder": null
        },
        "heads": {
            "single_instance": null,
            "centroid": null,
            "centered_instance": {
                "anchor_part": "blowhole",
                "part_names": [
                    "head",
                    "blowhole",
                    "r_fin",
                    "l_fin",
                    "dorsal",
                    "r_tail",
                    "mid_tail",
                    "l_tail"
                ],
                "sigma": 3.0,
                "output_stride": 4,
                "offset_refinement": false
            },
            "multi_instance": null
        }
    },
    "optimization": {
        "preload_data": true,
        "augmentation_config": {
            "rotate": true,
            "rotation_min_angle": -180.0,
            "rotation_max_angle": 180.0,
            "translate": false,
            "translate_min": -5,
            "translate_max": 5,
            "scale": true,
            "scale_min": 0.9,
            "scale_max": 1.1,
            "uniform_noise": false,
            "uniform_noise_min_val": 0.0,
            "uniform_noise_max_val": 10.0,
            "gaussian_noise": false,
            "gaussian_noise_mean": 5.0,
            "gaussian_noise_stddev": 1.0,
            "contrast": false,
            "contrast_min_gamma": 0.5,
            "contrast_max_gamma": 2.0,
            "brightness": false,
            "brightness_min_val": 0.0,
            "brightness_max_val": 10.0,
            "random_crop": false,
            "random_crop_height": 256,
            "random_crop_width": 256,
            "random_flip": false,
            "flip_horizontal": true
        },
        "online_shuffling": true,
        "shuffle_buffer_size": 128,
        "prefetch": true,
        "batch_size": 4,
        "batches_per_epoch": 200,
        "min_batches_per_epoch": 200,
        "val_batches_per_epoch": 10,
        "min_val_batches_per_epoch": 10,
        "epochs": 200,
        "optimizer": "adam",
        "initial_learning_rate": 0.0001,
        "learning_rate_schedule": {
            "reduce_on_plateau": true,
            "reduction_factor": 0.5,
            "plateau_min_delta": 1e-06,
            "plateau_patience": 5,
            "plateau_cooldown": 3,
            "min_learning_rate": 1e-08
        },
        "hard_keypoint_mining": {
            "online_mining": false,
            "hard_to_easy_ratio": 2.0,
            "min_hard_keypoints": 2,
            "max_hard_keypoints": null,
            "loss_scale": 5.0
        },
        "early_stopping": {
            "stop_training_on_plateau": true,
            "plateau_min_delta": 1e-06,
            "plateau_patience": 10
        }
    },
    "outputs": {
        "save_outputs": true,
        "run_name": "211030_100852.centered_instance.n=106",
        "run_name_prefix": "",
        "run_name_suffix": "",
        "runs_folder": "R:/MarineUAS/Projects/Student Projects/Mansi Sakarvadia/drone_pose_prediction\\models",
        "tags": [
            ""
        ],
        "save_visualizations": true,
        "delete_viz_images": true,
        "zip_outputs": false,
        "log_to_csv": true,
        "checkpointing": {
            "initial_model": false,
            "best_model": true,
            "every_epoch": false,
            "latest_model": false,
            "final_model": false
        },
        "tensorboard": {
            "write_logs": false,
            "loss_frequency": "epoch",
            "architecture_graph": false,
            "profile_graph": false,
            "visualizations": true
        },
        "zmq": {
            "subscribe_to_controller": true,
            "controller_address": "tcp://127.0.0.1:9000",
            "controller_polling_timeout": 10,
            "publish_updates": true,
            "publish_address": "tcp://127.0.0.1:9001"
        }
    },
    "name": "",
    "description": "",
    "sleap_version": "1.1.5",
    "filename": "R:/MarineUAS/Projects/Student Projects/Mansi Sakarvadia/drone_pose_prediction\\models\\211030_100852.centered_instance.n=106\\training_config.json"
}